{
  "accuracy": [
    0.5878599882125854,
    0.6802799701690674,
    0.8084999918937683,
    0.8987199664115906,
    0.9338600039482117,
    0.9437599778175354,
    0.9465799927711487,
    0.9475199580192566,
    0.9477399587631226,
    0.9479799866676331,
    0.9479799866676331
  ],
  "auc": [
    0.5018423795700073,
    0.5018424391746521,
    0.4981793463230133,
    0.5055823922157288,
    0.5065885186195374,
    0.5075985789299011,
    0.4983470141887665,
    0.4984917640686035,
    0.499813050031662,
    0.5001669526100159,
    0.511250376701355
  ],
  "loss": [
    0.7285473942756653,
    0.623525857925415,
    0.50111985206604,
    0.3945014476776123,
    0.316694051027298,
    0.2713412344455719,
    0.24841442704200745,
    0.23566767573356628,
    0.2286810427904129,
    0.22409489750862122,
    0.21974141895771027
  ],
  "precision": [
    0.05175674706697464,
    0.05198367312550545,
    0.04966460540890694,
    0.053164560347795486,
    0.04580152779817581,
    0.04184100404381752,
    0.0357142873108387,
    0.0810810849070549,
    0.04545454680919647,
    0.10000000149011612,
    0.0
  ],
  "recall": [
    0.40107983350753784,
    0.29965293407440186,
    0.14847667515277863,
    0.056691091507673264,
    0.013883532956242561,
    0.0038565369322896004,
    0.0011569610796868801,
    0.0011569610796868801,
    0.00038565369322896004,
    0.00038565369322896004,
    0.0
  ],
  "val_accuracy": [
    0.459600031375885,
    0.9466000199317932,
    0.9466000199317932,
    0.9466000199317932,
    0.9466000199317932,
    0.9466000199317932,
    0.9466000199317932,
    0.9466000199317932,
    0.9466000199317932,
    0.9466000199317932,
    0.9466000199317932
  ],
  "val_auc": [
    0.5015814900398254,
    0.47913798689842224,
    0.47945812344551086,
    0.48229774832725525,
    0.49391478300094604,
    0.49564576148986816,
    0.4953601062297821,
    0.4956987798213959,
    0.4957106113433838,
    0.4957549273967743,
    0.4956481456756592
  ],
  "val_loss": [
    0.7980993390083313,
    0.3442828357219696,
    0.2836875319480896,
    0.2971418499946594,
    0.304934024810791,
    0.29383134841918945,
    0.2728290557861328,
    0.2539471685886383,
    0.23878030478954315,
    0.2296711802482605,
    0.22412677109241486
  ],
  "val_precision": [
    0.05451884865760803,
    0.0,
    0.0,
    0.0,
    0.0,
    0.0,
    0.0,
    0.0,
    0.0,
    0.0,
    0.0
  ],
  "val_recall": [
    0.5580524206161499,
    0.0,
    0.0,
    0.0,
    0.0,
    0.0,
    0.0,
    0.0,
    0.0,
    0.0,
    0.0
  ],
  "learning_rate": [
    0.00019999999494757503,
    0.00039999998989515007,
    0.0006000000284984708,
    0.0007999999797903001,
    0.0010000000474974513,
    0.0010000000474974513,
    0.0009500000160187483,
    0.0009025000035762787,
    0.0008573749801144004,
    0.0008145062602125108,
    0.0007737809210084379
  ]
}