{
  "accuracy": [
    0.5019599795341492,
    0.5003299713134766,
    0.5026000142097473,
    0.5018699765205383,
    0.5003399848937988,
    0.4993699789047241,
    0.5025799870491028,
    0.5004000067710876,
    0.4996799826622009,
    0.4985399842262268,
    0.5031999945640564,
    0.5001199841499329,
    0.5001000165939331,
    0.501479983329773,
    0.49720999598503113,
    0.4975999891757965,
    0.5005300045013428,
    0.4993799924850464,
    0.4995199739933014,
    0.49831998348236084,
    0.4985699951648712,
    0.5040299892425537,
    0.5005399584770203
  ],
  "auc": [
    0.49814003705978394,
    0.5007117986679077,
    0.5004870295524597,
    0.5012084245681763,
    0.49981066584587097,
    0.5001696348190308,
    0.5012884140014648,
    0.4991025924682617,
    0.49872860312461853,
    0.49723780155181885,
    0.501827597618103,
    0.5000291466712952,
    0.4998135268688202,
    0.49996715784072876,
    0.4979107975959778,
    0.4970961809158325,
    0.4994955062866211,
    0.5013965368270874,
    0.4999687075614929,
    0.4979782998561859,
    0.4998871684074402,
    0.5027948617935181,
    0.5018192529678345
  ],
  "loss": [
    0.7201350331306458,
    0.6985416412353516,
    0.6872114539146423,
    0.6801730394363403,
    0.6769574284553528,
    0.6741885542869568,
    0.672007143497467,
    0.6711967587471008,
    0.6701780557632446,
    0.6696556210517883,
    0.668292224407196,
    0.6679921746253967,
    0.667472243309021,
    0.6671696901321411,
    0.6670694947242737,
    0.666858434677124,
    0.6664479374885559,
    0.6659221053123474,
    0.6659244894981384,
    0.6660898327827454,
    0.6656898856163025,
    0.6652349233627319,
    0.6652518510818481
  ],
  "precision": [
    0.5209216475486755,
    0.5213199257850647,
    0.5234338045120239,
    0.5230463743209839,
    0.5213075280189514,
    0.5204107761383057,
    0.5232205986976624,
    0.5213513970375061,
    0.5213098526000977,
    0.5192561149597168,
    0.5238326787948608,
    0.5217788815498352,
    0.5217903852462769,
    0.5212018489837646,
    0.5186271071434021,
    0.5192911028862,
    0.5207790732383728,
    0.521192193031311,
    0.5205574035644531,
    0.5199748277664185,
    0.5205177664756775,
    0.5245438814163208,
    0.522439181804657
  ],
  "recall": [
    0.5563931465148926,
    0.508190393447876,
    0.5128514766693115,
    0.5051981210708618,
    0.5087082982063293,
    0.5064257383346558,
    0.5169179439544678,
    0.5091111063957214,
    0.49317142367362976,
    0.5141366124153137,
    0.5173015594482422,
    0.49309471249580383,
    0.49238499999046326,
    0.5380173921585083,
    0.49533891677856445,
    0.48897069692611694,
    0.5256838202476501,
    0.4887213408946991,
    0.5065983533859253,
    0.49083131551742554,
    0.48442474007606506,
    0.5200061202049255,
    0.48856788873672485
  ],
  "val_accuracy": [
    0.5062000155448914,
    0.5060999989509583,
    0.49390003085136414,
    0.4905000329017639,
    0.4937000274658203,
    0.49410003423690796,
    0.49000000953674316,
    0.49000000953674316,
    0.49500003457069397,
    0.4937000274658203,
    0.49380001425743103,
    0.4928000271320343,
    0.49390003085136414,
    0.4896000325679779,
    0.49380001425743103,
    0.5053000450134277,
    0.49390003085136414,
    0.5062000155448914,
    0.5062000155448914,
    0.5062000155448914,
    0.5074000358581543,
    0.5056000351905823,
    0.5053000450134277
  ],
  "val_auc": [
    0.4949445426464081,
    0.4949344992637634,
    0.4998753070831299,
    0.5060144066810608,
    0.5037403106689453,
    0.500778317451477,
    0.49975740909576416,
    0.49976861476898193,
    0.49962884187698364,
    0.5010278224945068,
    0.5041325688362122,
    0.5056725740432739,
    0.5062710642814636,
    0.5057527422904968,
    0.5050614476203918,
    0.5041583180427551,
    0.5035237073898315,
    0.5046146512031555,
    0.5029875040054321,
    0.5029095411300659,
    0.4997192323207855,
    0.5035236477851868,
    0.5035236477851868
  ],
  "val_loss": [
    0.8285192847251892,
    0.6979038119316101,
    0.6972491145133972,
    0.7085531949996948,
    0.703951895236969,
    0.6975671052932739,
    0.6996526122093201,
    0.6980584859848022,
    0.6961542367935181,
    0.6948240399360657,
    0.6941898465156555,
    0.6936308145523071,
    0.6934762597084045,
    0.6938793063163757,
    0.6934522986412048,
    0.6932826638221741,
    0.6934854388237,
    0.6932674050331116,
    0.6933948993682861,
    0.6933013796806335,
    0.693238377571106,
    0.6933553814888,
    0.6932611465454102
  ],
  "val_precision": [
    0.5088694095611572,
    0.5089179873466492,
    0.541109025478363,
    0.695652186870575,
    0.5477855801582336,
    0.5108853578567505,
    0.5012210011482239,
    0.5012210011482239,
    0.5094207525253296,
    0.5477855801582336,
    0.5327103137969971,
    0.5192770957946777,
    0.5287049412727356,
    0.0,
    0.5327103137969971,
    0.5154072642326355,
    0.5287049412727356,
    0.514082133769989,
    0.514082133769989,
    0.514082133769989,
    0.5141990780830383,
    0.5138121843338013,
    0.5154072642326355
  ],
  "val_recall": [
    0.9329937696456909,
    0.9224138259887695,
    0.05544671043753624,
    0.0031347963958978653,
    0.04604232311248779,
    0.2068965584039688,
    0.16085423529148102,
    0.16085423529148102,
    0.2860501706600189,
    0.04604232311248779,
    0.06700627505779266,
    0.0844435766339302,
    0.07758621126413345,
    0.0,
    0.06700627505779266,
    0.5144984722137451,
    0.07758621126413345,
    0.593652069568634,
    0.593652069568634,
    0.593652069568634,
    0.6314655542373657,
    0.5830721259117126,
    0.5144984722137451
  ],
  "learning_rate": [
    0.00019999999494757503,
    0.00039999998989515007,
    0.0006000000284984708,
    0.0007999999797903001,
    0.0010000000474974513,
    0.0010000000474974513,
    0.0009500000160187483,
    0.0009025000035762787,
    0.0008573749801144004,
    0.0008145062602125108,
    0.0007737809210084379,
    0.0007350919186137617,
    0.0006983372732065618,
    0.0006634204182773829,
    0.0006302493857219815,
    0.0005987369222566485,
    0.0005688000819645822,
    0.0005403601098805666,
    0.0005133420927450061,
    0.0004876749881077558,
    0.00046329121687449515,
    0.000440126663306728,
    0.00041812032577581704
  ]
}